Workbook
Name Slicer_Sector: #N/A
Name Slicer_State: #N/A
Name Slicer_Year: #N/A

Sheet raw data
A1: Year | B1: State | C1: Sector | D1: Budget_Allocated_Crore | E1: Budget_Spent_Crore | F1: Beneficiaries | G1: Projects_Completed
A2: 2016 | B2: Uttar Pradesh | C2: Health | D2: 24454 | E2: 16495 | F2: 151932 | G2: 280
A3: 2016 | B3: Uttar Pradesh | C3: Education | D3: 22375 | E3: 12664 | F3: 752180 | G3: 624
A4: 2016 | B4: Uttar Pradesh | C4: Rural Development | D4: 7065 | E4: 17550 | F4: 541430 | G4: 340
A5: 2016 | B5: Uttar Pradesh | C5: Agriculture | D5: 22762 | E5: 15123 | F5: 195203 | G5: 673
A6: 2016 | B6: Uttar Pradesh | C6: Infrastructure | D6: 9122 | E6: 2385 | F6: 84820 | G6: 353
A7: 2016 | B7: Uttar Pradesh | C7: Women & Child Development | D7: 24133 | E7: 3133 | F7: 123355 | G7: 286
A8: 2016 | B8: Uttar Pradesh | C8: Employment | D8: 18368 | E8: 21639 | F8: 367449 | G8: 31
A9: 2016 | B9: Uttar Pradesh | C9: Urban Development | D9: 7196 | E9: 9366 | F9: 176730 | G9: 520
A10: 2016 | B10: Maharashtra | C10: Health | D10: 19231 | E10: 3447 | F10: 668143 | G10: 199
A11: 2016 | B11: Maharashtra | C11: Education | D11: 19918 | E11: 3705 | F11: 611723 | G11: 576
A12: 2016 | B12: Maharashtra | C12: Rural Development | D12: 2067 | E12: 18612 | F12: 293538 | G12: 494
A13: 2016 | B13: Maharashtra | C13: Agriculture | D13: 4690 | E13: 9538 | F13: 509492 | G13: 176
... A1761: 2026 | B1761: Himachal Pradesh | C1761: Urban Development | D1761: 17467 | E1761: 6540 | F1761: 212319 | G1761: 503

Sheet Budget data
A1: Year | B1: State | C1: Sector | D1: Budget_Allocated_Crore | E1: Budget_Spent_Crore | F1: Beneficiaries | G1: Projects_Completed
A2: 2016 | B2: Uttar Pradesh | C2: Health | D2: 24454 | E2: 16495 | F2: 151932 | G2: 280
A3: 2016 | B3: Uttar Pradesh | C3: Education | D3: 22375 | E3: 12664 | F3: 752180 | G3: 624
A4: 2016 | B4: Uttar Pradesh | C4: Rural Development | D4: 7065 | E4: 17550 | F4: 541430 | G4: 340
A5: 2016 | B5: Uttar Pradesh | C5: Agriculture | D5: 22762 | E5: 15123 | F5: 195203 | G5: 673
A6: 2016 | B6: Uttar Pradesh | C6: Infrastructure | D6: 9122 | E6: 2385 | F6: 84820 | G6: 353
A7: 2016 | B7: Uttar Pradesh | C7: Women & Child Development | D7: 24133 | E7: 3133 | F7: 123355 | G7: 286
A8: 2016 | B8: Uttar Pradesh | C8: Employment | D8: 18368 | E8: 21639 | F8: 367449 | G8: 31
A9: 2016 | B9: Uttar Pradesh | C9: Urban Development | D9: 7196 | E9: 9366 | F9: 176730 | G9: 520
A10: 2016 | B10: Maharashtra | C10: Health | D10: 19231 | E10: 3447 | F10: 668143 | G10: 199
A11: 2016 | B11: Maharashtra | C11: Education | D11: 19918 | E11: 3705 | F11: 611723 | G11: 576
A12: 2016 | B12: Maharashtra | C12: Rural Development | D12: 2067 | E12: 18612 | F12: 293538 | G12: 494
A13: 2016 | B13: Maharashtra | C13: Agriculture | D13: 4690 | E13: 9538 | F13: 509492 | G13: 176
... A1761: 2026 | B1761: Himachal Pradesh | C1761: Urban Development | D1761: 17467 | E1761: 6540 | F1761: 212319 | G1761: 503

Sheet clean data
A1: Year | B1: State | C1: Sector | D1: Budget_Allocated_Crore | E1: Budget_Spent_Crore | F1: Utilization% | G1: Beneficiaries | H1: Projects_Completed | I1: Spend per beneficiaries
A2: 2016 | B2: Uttar Pradesh | C2: Health | D2: 24454 | E2: 16495 | F2: =E2/D2 -> 0.67453177 | G2: 151932 | H2: 280 | I2: =E2/G2 -> 0.10856831
A3: 2016 | B3: Uttar Pradesh | C3: Education | D3: 22375 | E3: 12664 | F3: =E3/D3 -> 0.56598883 | G3: 752180 | H3: 624 | I3: =E3/G3 -> 0.016836396
A4: 2016 | B4: Uttar Pradesh | C4: Rural Development | D4: 7065 | E4: 17550 | F4: =E4/D4 -> 2.4840764 | G4: 541430 | H4: 340 | I4: =E4/G4 -> 0.032414162
A5: 2016 | B5: Uttar Pradesh | C5: Agriculture | D5: 22762 | E5: 15123 | F5: =E5/D5 -> 0.6643968 | G5: 195203 | H5: 673 | I5: =E5/G5 -> 0.077473195
A6: 2016 | B6: Uttar Pradesh | C6: Infrastructure | D6: 9122 | E6: 2385 | F6: =E6/D6 -> 0.26145582 | G6: 84820 | H6: 353 | I6: =E6/G6 -> 0.028118368
A7: 2016 | B7: Uttar Pradesh | C7: Women & Child Development | D7: 24133 | E7: 3133 | F7: =E7/D7 -> 0.12982224 | G7: 123355 | H7: 286 | I7: =E7/G7 -> 0.025398241
A8: 2016 | B8: Uttar Pradesh | C8: Employment | D8: 18368 | E8: 21639 | F8: =E8/D8 -> 1.1780814 | G8: 367449 | H8: 31 | I8: =E8/G8 -> 0.058889805
A9: 2016 | B9: Uttar Pradesh | C9: Urban Development | D9: 7196 | E9: 9366 | F9: =E9/D9 -> 1.3015564 | G9: 176730 | H9: 520 | I9: =E9/G9 -> 0.052996096
A10: 2016 | B10: Maharashtra | C10: Health | D10: 19231 | E10: 3447 | F10: =E10/D10 -> 0.17924185 | G10: 668143 | H10: 199 | I10: =E10/G10 -> 0.0051590752
A11: 2016 | B11: Maharashtra | C11: Education | D11: 19918 | E11: 3705 | F11: =E11/D11 -> 0.18601265 | G11: 611723 | H11: 576 | I11: =E11/G11 -> 0.0060566629
A12: 2016 | B12: Maharashtra | C12: Rural Development | D12: 2067 | E12: 18612 | F12: =E12/D12 -> 9.0043541 | G12: 293538 | H12: 494 | I12: =E12/G12 -> 0.06340576
A13: 2016 | B13: Maharashtra | C13: Agriculture | D13: 4690 | E13: 9538 | F13: =E13/D13 -> 2.0336887 | G13: 509492 | H13: 176 | I13: =E13/G13 -> 0.018720608
... A1761: 2026 | B1761: Himachal Pradesh | C1761: Urban Development | D1761: 17467 | E1761: 6540 | F1761: =E1761/D1761 -> 0.37442034 | G1761: 212319 | H1761: 503 | I1761: =E1761/G1761 -> 0.030802707

Sheet calculation
A1: yearly budget | F1: Sector analysis | K1: State analysis
A2: Year | B2: Total allocation | C2: Total spending | D2: Growth rate | F2: Sector | G2: Total budget | H2: Beneficiaries | K2: State | L2: Total budget | M2: Beneficiaries | N2: Project
A3: 2016 | B3: =SUMIFS('clean data'!D2:D1761,'clean data'!A2:A1761,calculation!A3) -> 2066720 | C3: =SUMIFS('clean data'!E2:E1761,'clean data'!A2:A1761,'clean data'!A2) -> 1955107 | F3: Health | G3: =SUMIFS('clean data'!D2:D1761,'clean data'!C2:C1761,'clean data'!C2) -> 2628471 | H3: =SUMIFS('clean data'!G2:G1761,'clean data'!C2:C1761,calculation!F3) -> 92569087 | K3: Uttar Pradesh | L3: =SUMIFS('clean data'!D2:D1761,'clean data'!B2:B1761,'clean data'!B2) -> 1186174 | M3: =SUMIFS('clean data'!G2:G1761,'clean data'!B2:B1761,'clean data'!B2) -> 34582529 | N3: =SUMIFS('clean data'!H2:H1761,'clean data'!B2:B1761,'clean data'!B2) -> 33497
A4: 2017 | B4: =SUMIFS('clean data'!D3:D1762,'clean data'!A3:A1762,calculation!A4) -> 2191475 | C4: =SUMIFS('clean data'!E3:E1762,'clean data'!A3:A1762,'clean data'!A3) -> 1938612 | D4: =(B4-B3)/B3 -> 0.060363765 | F4: Education | G4: =SUMIFS('clean data'!D3:D1762,'clean data'!C3:C1762,'clean data'!C3) -> 3108594 | H4: =SUMIFS('clean data'!G3:G1762,'clean data'!C3:C1762,calculation!F4) -> 89529073 | K4: Bihar | L4: =SUMIFS('clean data'!D3:D1762,'clean data'!B3:B1762,'clean data'!B3) -> 1161720 | M4: =SUMIFS('clean data'!G3:G1762,'clean data'!B3:B1762,'clean data'!B3) -> 34430597 | N4: =SUMIFS('clean data'!H3:H1762,'clean data'!B3:B1762,'clean data'!B3) -> 33217
A5: 2018 | B5: =SUMIFS('clean data'!D4:D1763,'clean data'!A4:A1763,calculation!A5) -> 2065629 | C5: =SUMIFS('clean data'!E4:E1763,'clean data'!A4:A1763,'clean data'!A4) -> 1925948 | D5: =(B5-B4)/B4 -> -0.05742525 | F5: Rural Development | G5: =SUMIFS('clean data'!D4:D1763,'clean data'!C4:C1763,'clean data'!C4) -> 2924766 | H5: =SUMIFS('clean data'!G4:G1763,'clean data'!C4:C1763,calculation!F5) -> 85657853 | K5: Maharastra | L5: =SUMIFS('clean data'!D4:D1763,'clean data'!B4:B1763,'clean data'!B4) -> 1139345 | M5: =SUMIFS('clean data'!G4:G1763,'clean data'!B4:B1763,'clean data'!B4) -> 33678417 | N5: =SUMIFS('clean data'!H4:H1763,'clean data'!B4:B1763,'clean data'!B4) -> 32593
A6: 2019 | B6: =SUMIFS('clean data'!D5:D1764,'clean data'!A5:A1764,calculation!A6) -> 2004108 | C6: =SUMIFS('clean data'!E5:E1764,'clean data'!A5:A1764,'clean data'!A5) -> 1908398 | D6: =(B6-B5)/B5 -> -0.02978318 | F6: Agriculture | G6: =SUMIFS('clean data'!D5:D1764,'clean data'!C5:C1764,'clean data'!C5) -> 2865730 | H6: =SUMIFS('clean data'!G5:G1764,'clean data'!C5:C1764,calculation!F6) -> 88301253 | K6: Madhya paradesh | L6: =SUMIFS('clean data'!D5:D1764,'clean data'!B5:B1764,'clean data'!B5) -> 1132280 | M6: =SUMIFS('clean data'!G5:G1764,'clean data'!B5:B1764,'clean data'!B5) -> 33136987 | N6: =SUMIFS('clean data'!H5:H1764,'clean data'!B5:B1764,'clean data'!B5) -> 32253
A7: 2020 | B7: =SUMIFS('clean data'!D6:D1765,'clean data'!A6:A1765,calculation!A7) -> 2035806 | C7: =SUMIFS('clean data'!E6:E1765,'clean data'!A6:A1765,'clean data'!A6) -> 1893275 | D7: =(B7-B6)/B6 -> 0.015816513 | F7: Infrastructure | G7: =SUMIFS('clean data'!D6:D1765,'clean data'!C6:C1765,'clean data'!C6) -> 2844889 | H7: =SUMIFS('clean data'!G6:G1765,'clean data'!C6:C1765,calculation!F7) -> 90473638 | K7: West Bengal | L7: =SUMIFS('clean data'!D6:D1765,'clean data'!B6:B1765,'clean data'!B6) -> 1109518 | M7: =SUMIFS('clean data'!G6:G1765,'clean data'!B6:B1765,'clean data'!B6) -> 32941784 | N7: =SUMIFS('clean data'!H6:H1765,'clean data'!B6:B1765,'clean data'!B6) -> 31580
A8: 2021 | B8: =SUMIFS('clean data'!D7:D1766,'clean data'!A7:A1766,calculation!A8) -> 2146801 | C8: =SUMIFS('clean data'!E7:E1766,'clean data'!A7:A1766,'clean data'!A7) -> 1890890 | D8: =(B8-B7)/B7 -> 0.054521403 | F8: Women & Child Development | G8: =SUMIFS('clean data'!D7:D1766,'clean data'!C7:C1766,'clean data'!C7) -> 2833690 | H8: =SUMIFS('clean data'!G7:G1766,'clean data'!C7:C1766,calculation!F8) -> 93036650 | K8: Tamil Nadu | L8: =SUMIFS('clean data'!D7:D1766,'clean data'!B7:B1766,'clean data'!B7) -> 1100396 | M8: =SUMIFS('clean data'!G7:G1766,'clean data'!B7:B1766,'clean data'!B7) -> 32856964 | N8: =SUMIFS('clean data'!H7:H1766,'clean data'!B7:B1766,'clean data'!B7) -> 31227
A9: 2022 | B9: =SUMIFS('clean data'!D8:D1767,'clean data'!A8:A1767,calculation!A9) -> 2071354 | C9: =SUMIFS('clean data'!E8:E1767,'clean data'!A8:A1767,'clean data'!A8) -> 1887757 | D9: =(B9-B8)/B8 -> -0.035143919 | F9: Employment | G9: =SUMIFS('clean data'!D8:D1767,'clean data'!C8:C1767,'clean data'!C8) -> 2788522 | H9: =SUMIFS('clean data'!G8:G1767,'clean data'!C8:C1767,calculation!F9) -> 90428796 | K9: Karnataka | L9: =SUMIFS('clean data'!D8:D1767,'clean data'!B8:B1767,'clean data'!B8) -> 1076263 | M9: =SUMIFS('clean data'!G8:G1767,'clean data'!B8:B1767,'clean data'!B8) -> 32733609 | N9: =SUMIFS('clean data'!H8:H1767,'clean data'!B8:B1767,'clean data'!B8) -> 30941
A10: 2023 | B10: =SUMIFS('clean data'!D9:D1768,'clean data'!A9:A1768,calculation!A10) -> 2072159 | C10: =SUMIFS('clean data'!E9:E1768,'clean data'!A9:A1768,'clean data'!A9) -> 1866118 | D10: =(B10-B9)/B9 -> 0.00038863468 | F10: Urban Development | G10: =SUMIFS('clean data'!D9:D1768,'clean data'!C9:C1768,'clean data'!C9) -> 2847999 | H10: =SUMIFS('clean data'!G9:G1768,'clean data'!C9:C1768,calculation!F10) -> 84551847 | K10: Gujarat | L10: =SUMIFS('clean data'!D9:D1768,'clean data'!B9:B1768,'clean data'!B9) -> 1057895 | M10: =SUMIFS('clean data'!G9:G1768,'clean data'!B9:B1768,'clean data'!B9) -> 32366160 | N10: =SUMIFS('clean data'!H9:H1768,'clean data'!B9:B1768,'clean data'!B9) -> 30910
A11: 2024 | B11: =SUMIFS('clean data'!D10:D1769,'clean data'!A10:A1769,calculation!A11) -> 2096142 | C11: =SUMIFS('clean data'!E10:E1769,'clean data'!A10:A1769,'clean data'!A10) -> 1856752 | D11: =(B11-B10)/B10 -> 0.011573919 | K11: Odisha | L11: =SUMIFS('clean data'!D10:D1769,'clean data'!B10:B1769,'clean data'!B10) -> 1221405 | M11: =SUMIFS('clean data'!G10:G1769,'clean data'!B10:B1769,'clean data'!B10) -> 40217751 | N11: =SUMIFS('clean data'!H10:H1769,'clean data'!B10:B1769,'clean data'!B10) -> 29996
A12: 2025 | B12: =SUMIFS('clean data'!D11:D1770,'clean data'!A11:A1770,calculation!A12) -> 2031008 | C12: =SUMIFS('clean data'!E11:E1770,'clean data'!A11:A1770,'clean data'!A11) -> 1853305 | D12: =(B12-B11)/B11 -> -0.031073277 | K12: Kerala | L12: =SUMIFS('clean data'!D11:D1770,'clean data'!B11:B1770,'clean data'!B11) -> 1202174 | M12: =SUMIFS('clean data'!G11:G1770,'clean data'!B11:B1770,'clean data'!B11) -> 39549608 | N12: =SUMIFS('clean data'!H11:H1770,'clean data'!B11:B1770,'clean data'!B11) -> 29797
A13: 2026 | B13: =SUMIFS('clean data'!D12:D1771,'clean data'!A12:A1771,calculation!A13) -> 2061459 | C13: =SUMIFS('clean data'!E12:E1771,'clean data'!A12:A1771,'clean data'!A12) -> 1849600 | D13: =(B13-B12)/B12 -> 0.014993048 | K13: Punjab | L13: =SUMIFS('clean data'!D12:D1771,'clean data'!B12:B1771,'clean data'!B12) -> 1182256 | M13: =SUMIFS('clean data'!G12:G1771,'clean data'!B12:B1771,'clean data'!B12) -> 38937885 | N13: =SUMIFS('clean data'!H12:H1771,'clean data'!B12:B1771,'clean data'!B12) -> 29221
K14: Rajasthan | L14: =SUMIFS('clean data'!D13:D1772,'clean data'!B13:B1772,'clean data'!B13) -> 1180189 | M14: =SUMIFS('clean data'!G13:G1772,'clean data'!B13:B1772,'clean data'!B13) -> 38644347 | N14: =SUMIFS('clean data'!H13:H1772,'clean data'!B13:B1772,'clean data'!B13) -> 28727
K15: Uttarakhand | L15: =SUMIFS('clean data'!D14:D1773,'clean data'!B14:B1773,'clean data'!B14) -> 1175499 | M15: =SUMIFS('clean data'!G14:G1773,'clean data'!B14:B1773,'clean data'!B14) -> 38134855 | N15: =SUMIFS('clean data'!H14:H1773,'clean data'!B14:B1773,'clean data'!B14) -> 28551
K16: Andhra paredesh | L16: =SUMIFS('clean data'!D15:D1774,'clean data'!B15:B1774,'clean data'!B15) -> 1152922 | M16: =SUMIFS('clean data'!G15:G1774,'clean data'!B15:B1774,'clean data'!B15) -> 37843919 | N16: =SUMIFS('clean data'!H15:H1774,'clean data'!B15:B1774,'clean data'!B15) -> 28226
K17: Assam | L17: =SUMIFS('clean data'!D16:D1775,'clean data'!B16:B1775,'clean data'!B16) -> 1141869 | M17: =SUMIFS('clean data'!G16:G1775,'clean data'!B16:B1775,'clean data'!B16) -> 37125558 | N17: =SUMIFS('clean data'!H16:H1775,'clean data'!B16:B1775,'clean data'!B16) -> 27871
K18: Chattisgarh | L18: =SUMIFS('clean data'!D17:D1776,'clean data'!B17:B1776,'clean data'!B17) -> 1138457 | M18: =SUMIFS('clean data'!G17:G1776,'clean data'!B17:B1776,'clean data'!B17) -> 36426715 | N18: =SUMIFS('clean data'!H17:H1776,'clean data'!B17:B1776,'clean data'!B17) -> 27407
K19: Delhi | L19: =SUMIFS('clean data'!D18:D1777,'clean data'!B18:B1777,'clean data'!B18) -> 1198745 | M19: =SUMIFS('clean data'!G18:G1777,'clean data'!B18:B1777,'clean data'!B18) -> 35914530 | N19: =SUMIFS('clean data'!H18:H1777,'clean data'!B18:B1777,'clean data'!B18) -> 29806
K20: Harayana | L20: =SUMIFS('clean data'!D19:D1778,'clean data'!B19:B1778,'clean data'!B19) -> 1194793 | M20: =SUMIFS('clean data'!G19:G1778,'clean data'!B19:B1778,'clean data'!B19) -> 35169691 | N20: =SUMIFS('clean data'!H19:H1778,'clean data'!B19:B1778,'clean data'!B19) -> 29409
K21: Himachal pardesh | L21: =SUMIFS('clean data'!D20:D1779,'clean data'!B20:B1779,'clean data'!B20) -> 1174536 | M21: =SUMIFS('clean data'!G20:G1779,'clean data'!B20:B1779,'clean data'!B20) -> 34941430 | N21: =SUMIFS('clean data'!H20:H1779,'clean data'!B20:B1779,'clean data'!B20) -> 28834
K22: Jharkhand | L22: =SUMIFS('clean data'!D21:D1780,'clean data'!B21:B1780,'clean data'!B21) -> 1160319 | M22: =SUMIFS('clean data'!G21:G1780,'clean data'!B21:B1780,'clean data'!B21) -> 34749601 | N22: =SUMIFS('clean data'!H21:H1780,'clean data'!B21:B1780,'clean data'!B21) -> 28348

Sheet pivot 1
A1: Row Labels | B1: Sum of Total budget
A2: Agriculture | B2: 2865730
A3: Education | B3: 3108594
A4: Employment | B4: 2788522
A5: Health | B5: 2628471
A6: Infrastructure | B6: 2844889
A7: Rural Development | B7: 2924766
A8: Urban Development | B8: 2847999
A9: Women & Child Development | B9: 2833690
A10: Grand Total | B10: 22842661

Sheet pivot 2
A1: Row Labels | B1: Sum of Total spending
A2: 2016 | B2: 1955107
A3: 2017 | B3: 1938612
A4: 2018 | B4: 1925948
A5: 2019 | B5: 1908398
A6: 2020 | B6: 1893275
A7: 2021 | B7: 1890890
A8: 2022 | B8: 1887757
A9: 2023 | B9: 1866118
A10: 2024 | B10: 1856752
A11: 2025 | B11: 1853305
A12: 2026 | B12: 1849600
A13: Grand Total | B13: 20825762

Sheet pivot 3
A1: Row Labels | B1: Sum of Total budget
A2: Andhra paredesh | B2: 1152922
A3: Assam | B3: 1141869
A4: Bihar | B4: 1161720
A5: Chattisgarh | B5: 1138457
A6: Delhi | B6: 1198745
A7: Gujarat | B7: 1057895
A8: Harayana | B8: 1194793
A9: Himachal pardesh | B9: 1174536
A10: Jharkhand | B10: 1160319
A11: Karnataka | B11: 1076263
A12: Kerala | B12: 1202174
A13: Madhya paradesh | B13: 1132280
... A22: Grand Total | B22: 23086755

Sheet pivot 4
A1: Row Labels | B1: Sum of Beneficiaries
A2: Andhra paredesh | B2: 37843919
A3: Assam | B3: 37125558
A4: Bihar | B4: 34430597
A5: Chattisgarh | B5: 36426715
A6: Delhi | B6: 35914530
A7: Gujarat | B7: 32366160
A8: Harayana | B8: 35169691
A9: Himachal pardesh | B9: 34941430
A10: Jharkhand | B10: 34749601
A11: Karnataka | B11: 32733609
A12: Kerala | B12: 39549608
A13: Madhya paradesh | B13: 33136987
... A22: Grand Total | B22: 714382937

Sheet Dashboard
D2: Government budget analysis(2016-2026)
